﻿<?xml version="1.0" encoding="UTF-8"?>
<FT_EEPROM>
  <Chip_Details>
    <Type>FT232H</Type>
  </Chip_Details>
  <USB_Device_Descriptor>
    <VID_PID>0</VID_PID>
    <idVendor>0403</idVendor>
    <idProduct>6014</idProduct>
    <bcdUSB>USB 2.0</bcdUSB>
  </USB_Device_Descriptor>
  <USB_Config_Descriptor>
    <bmAttributes>
      <RemoteWakeupEnabled>false</RemoteWakeupEnabled>
      <SelfPowered>false</SelfPowered>
      <BusPowered>true</BusPowered>
    </bmAttributes>
    <IOpullDown>false</IOpullDown>
    <MaxPower>100</MaxPower>
  </USB_Config_Descriptor>
  <USB_String_Descriptors>
    <Manufacturer>FTDI</Manufacturer>
    <Product_Description>FT232H SPI Demo</Product_Description>
    <SerialNumber_Enabled>true</SerialNumber_Enabled>
    <SerialNumber>FT000001</SerialNumber>
    <SerialNumberPrefix>FT</SerialNumberPrefix>
  </USB_String_Descriptors>
  <Hardware_Specific>
    <Suspend_ACBus7>false</Suspend_ACBus7>
    <Port_A>
      <Hardware>
        <UART>false</UART>
        <_245FIFO>true</_245FIFO>
        <CPUFIFO>false</CPUFIFO>
        <OPTO>false</OPTO>
        <FT1248>false</FT1248>
      </Hardware>
      <Driver>
        <D2XX>true</D2XX>
        <VCP>false</VCP>
      </Driver>
    </Port_A>
    <FT1248_Settings>
      <Clock_Polarity>false</Clock_Polarity>
      <Bit_Order>false</Bit_Order>
      <Flow_Control>false</Flow_Control>
    </FT1248_Settings>
    <IO_Controls>
      <C0>Tristate</C0>
      <C1>Tristate</C1>
      <C2>Tristate</C2>
      <C3>Tristate</C3>
      <C4>Tristate</C4>
      <C5>Tristate</C5>
      <C6>Tristate</C6>
      <C7>Tristate</C7>
      <C8>PWRENn</C8>
      <C9>TX&amp;RXLED</C9>
    </IO_Controls>
    <IO_Pins>
      <GroupAD>
        <SlowSlew>false</SlowSlew>
        <Schmitt>false</Schmitt>
        <Drive>8mA</Drive>
      </GroupAD>
      <GroupAC>
        <SlowSlew>false</SlowSlew>
        <Schmitt>false</Schmitt>
        <Drive>8mA</Drive>
      </GroupAC>
    </IO_Pins>
  </Hardware_Specific>
</FT_EEPROM>